{
	"$schema": "../schemas/json/theme.json",
	"version": 3,
	"settings": {
		"appearanceTools": false,
		"useRootPaddingAwareAlignments": false,
		"border": {
			"color": false,
			"radius": false,
			"style": false,
			"width": false
		},
		"color": {
			"background": true,
			"button": true,
			"caption": true,
			"custom": true,
			"customDuotone": true,
			"customGradient": true,
			"defaultDuotone": true,
			"defaultGradients": true,
			"defaultPalette": true,
			"duotone": [
				{
					"name": "Dark grayscale",
					"colors": [ "#000000", "#7f7f7f" ],
					"slug": "dark-grayscale"
				},
				{
					"name": "Grayscale",
					"colors": [ "#000000", "#ffffff" ],
					"slug": "grayscale"
				},
				{
					"name": "Purple and yellow",
					"colors": [ "#8c00b7", "#fcff41" ],
					"slug": "purple-yellow"
				},
				{
					"name": "Blue and red",
					"colors": [ "#000097", "#ff4747" ],
					"slug": "blue-red"
				},
				{
					"name": "Midnight",
					"colors": [ "#000000", "#00a5ff" ],
					"slug": "midnight"
				},
				{
					"name": "Magenta and yellow",
					"colors": [ "#c7005a", "#fff278" ],
					"slug": "magenta-yellow"
				},
				{
					"name": "Purple and green",
					"colors": [ "#a60072", "#67ff66" ],
					"slug": "purple-green"
				},
				{
					"name": "Blue and orange",
					"colors": [ "#1900d8", "#ffa96b" ],
					"slug": "blue-orange"
				}
			],
			"gradients": [
				{
					"name": "Vivid cyan blue to vivid purple",
					"gradient": "linear-gradient(135deg,rgb(6,147,227) 0%,rgb(155,81,224) 100%)",
					"slug": "vivid-cyan-blue-to-vivid-purple"
				},
				{
					"name": "Light green cyan to vivid green cyan",
					"gradient": "linear-gradient(135deg,rgb(122,220,180) 0%,rgb(0,208,130) 100%)",
					"slug": "light-green-cyan-to-vivid-green-cyan"
				},
				{
					"name": "Luminous vivid amber to luminous vivid orange",
					"gradient": "linear-gradient(135deg,rgb(252,185,0) 0%,rgb(255,105,0) 100%)",
					"slug": "luminous-vivid-amber-to-luminous-vivid-orange"
				},
				{
					"name": "Luminous vivid orange to vivid red",
					"gradient": "linear-gradient(135deg,rgb(255,105,0) 0%,rgb(207,46,46) 100%)",
					"slug": "luminous-vivid-orange-to-vivid-red"
				},
				{
					"name": "Very light gray to cyan bluish gray",
					"gradient": "linear-gradient(135deg,rgb(238,238,238) 0%,rgb(169,184,195) 100%)",
					"slug": "very-light-gray-to-cyan-bluish-gray"
				},
				{
					"name": "Cool to warm spectrum",
					"gradient": "linear-gradient(135deg,rgb(74,234,220) 0%,rgb(151,120,209) 20%,rgb(207,42,186) 40%,rgb(238,44,130) 60%,rgb(251,105,98) 80%,rgb(254,248,76) 100%)",
					"slug": "cool-to-warm-spectrum"
				},
				{
					"name": "Blush light purple",
					"gradient": "linear-gradient(135deg,rgb(255,206,236) 0%,rgb(152,150,240) 100%)",
					"slug": "blush-light-purple"
				},
				{
					"name": "Blush bordeaux",
					"gradient": "linear-gradient(135deg,rgb(254,205,165) 0%,rgb(254,45,45) 50%,rgb(107,0,62) 100%)",
					"slug": "blush-bordeaux"
				},
				{
					"name": "Luminous dusk",
					"gradient": "linear-gradient(135deg,rgb(255,203,112) 0%,rgb(199,81,192) 50%,rgb(65,88,208) 100%)",
					"slug": "luminous-dusk"
				},
				{
					"name": "Pale ocean",
					"gradient": "linear-gradient(135deg,rgb(255,245,203) 0%,rgb(182,227,212) 50%,rgb(51,167,181) 100%)",
					"slug": "pale-ocean"
				},
				{
					"name": "Electric grass",
					"gradient": "linear-gradient(135deg,rgb(202,248,128) 0%,rgb(113,206,126) 100%)",
					"slug": "electric-grass"
				},
				{
					"name": "Midnight",
					"gradient": "linear-gradient(135deg,rgb(2,3,129) 0%,rgb(40,116,252) 100%)",
					"slug": "midnight"
				}
			],
			"heading": true,
			"link": false,
			"palette": [
				{
					"name": "Black",
					"slug": "black",
					"color": "#000000"
				},
				{
					"name": "Cyan bluish gray",
					"slug": "cyan-bluish-gray",
					"color": "#abb8c3"
				},
				{
					"name": "White",
					"slug": "white",
					"color": "#ffffff"
				},
				{
					"name": "Pale pink",
					"slug": "pale-pink",
					"color": "#f78da7"
				},
				{
					"name": "Vivid red",
					"slug": "vivid-red",
					"color": "#cf2e2e"
				},
				{
					"name": "Luminous vivid orange",
					"slug": "luminous-vivid-orange",
					"color": "#ff6900"
				},
				{
					"name": "Luminous vivid amber",
					"slug": "luminous-vivid-amber",
					"color": "#fcb900"
				},
				{
					"name": "Light green cyan",
					"slug": "light-green-cyan",
					"color": "#7bdcb5"
				},
				{
					"name": "Vivid green cyan",
					"slug": "vivid-green-cyan",
					"color": "#00d084"
				},
				{
					"name": "Pale cyan blue",
					"slug": "pale-cyan-blue",
					"color": "#8ed1fc"
				},
				{
					"name": "Vivid cyan blue",
					"slug": "vivid-cyan-blue",
					"color": "#0693e3"
				},
				{
					"name": "Vivid purple",
					"slug": "vivid-purple",
					"color": "#9b51e0"
				}
			],
			"text": true
		},
		"dimensions": {
			"defaultAspectRatios": true,
			"aspectRatios": [
				{
					"name": "Square - 1:1",
					"slug": "square",
					"ratio": "1"
				},
				{
					"name": "Standard - 4:3",
					"slug": "4-3",
					"ratio": "4/3"
				},
				{
					"name": "Portrait - 3:4",
					"slug": "3-4",
					"ratio": "3/4"
				},
				{
					"name": "Classic - 3:2",
					"slug": "3-2",
					"ratio": "3/2"
				},
				{
					"name": "Classic Portrait - 2:3",
					"slug": "2-3",
					"ratio": "2/3"
				},
				{
					"name": "Wide - 16:9",
					"slug": "16-9",
					"ratio": "16/9"
				},
				{
					"name": "Tall - 9:16",
					"slug": "9-16",
					"ratio": "9/16"
				}
			]
		},
		"shadow": {
			"defaultPresets": true,
			"presets": [
				{
					"name": "Natural",
					"slug": "natural",
					"shadow": "6px 6px 9px rgba(0, 0, 0, 0.2)"
				},
				{
					"name": "Deep",
					"slug": "deep",
					"shadow": "12px 12px 50px rgba(0, 0, 0, 0.4)"
				},
				{
					"name": "Sharp",
					"slug": "sharp",
					"shadow": "6px 6px 0px rgba(0, 0, 0, 0.2)"
				},
				{
					"name": "Outlined",
					"slug": "outlined",
					"shadow": "6px 6px 0px -3px rgb(255, 255, 255), 6px 6px rgb(0, 0, 0)"
				},
				{
					"name": "Crisp",
					"slug": "crisp",
					"shadow": "6px 6px 0px rgb(0, 0, 0)"
				}
			]
		},
		"spacing": {
			"blockGap": null,
			"margin": false,
			"padding": false,
			"customSpacingSize": true,
			"defaultSpacingSizes": true,
			"units": [ "px", "em", "rem", "vh", "vw", "%" ],
			"spacingScale": {
				"operator": "*",
				"increment": 1.5,
				"steps": 7,
				"mediumStep": 1.5,
				"unit": "rem"
			}
		},
		"typography": {
			"customFontSize": true,
			"defaultFontSizes": true,
			"dropCap": true,
			"fontSizes": [
				{
					"name": "Small",
					"slug": "small",
					"size": "13px"
				},
				{
					"name": "Medium",
					"slug": "medium",
					"size": "20px"
				},
				{
					"name": "Large",
					"slug": "large",
					"size": "36px"
				},
				{
					"name": "Extra Large",
					"slug": "x-large",
					"size": "42px"
				}
			],
			"fontStyle": true,
			"fontWeight": true,
			"letterSpacing": true,
			"lineHeight": false,
			"textAlign": true,
			"textColumns": false,
			"textDecoration": true,
			"textTransform": true,
			"writingMode": false
		},
		"blocks": {
			"core/button": {
				"border": {
					"radius": true
				}
			},
			"core/image": {
				"lightbox": {
					"allowEditing": true
				}
			},
			"core/pullquote": {
				"border": {
					"color": true,
					"radius": true,
					"style": true,
					"width": true
				}
			}
		}
	},
	"styles": {
		"blocks": {
			"core/button": {
				"variations": {
					"outline": {
						"border": {
							"width": "2px",
							"style": "solid",
							"color": "currentColor"
						},
						"color": {
							"text": "currentColor",
							"gradient": "transparent none"
						},
						"spacing": {
							"padding": {
								"top": "0.667em",
								"right": "1.33em",
								"bottom": "0.667em",
								"left": "1.33em"
							}
						}
					}
				}
			},
			"core/site-logo": {
				"variations": {
					"rounded": {
						"border": {
							"radius": "9999px"
						}
					}
				}
			}
		},
		"elements": {
			"button": {
				"color": {
					"text": "#fff",
					"background": "#32373c"
				},
				"spacing": {
					"padding": {
						"top": "calc(0.667em + 2px)",
						"right": "calc(1.333em + 2px)",
						"bottom": "calc(0.667em + 2px)",
						"left": "calc(1.333em + 2px)"
					}
				},
				"typography": {
					"fontSize": "inherit",
					"fontFamily": "inherit",
					"fontStyle": "inherit",
					"fontWeight": "inherit",
					"letterSpacing": "inherit",
					"textTransform": "inherit",
					"lineHeight": "inherit",
					"textDecoration": "none"
				},
				"border": {
					"width": "0"
				}
			},
			"link": {
				"typography": {
					"textDecoration": "underline"
				}
			}
		},
		"spacing": {
			"blockGap": "24px",
			"padding": {
				"top": "0px",
				"right": "0px",
				"bottom": "0px",
				"left": "0px"
			}
		}
	}
}
